{
  "player1": "zain magdon-ismail",
  "player2": "patrick moran",
  "sports": {
    "TT": {
      "score_p1": 9,
      "score_p2": 21,
      "pred_diff": -12.49753422772942,
      "pred_total": 30.42765233606176
    },
    "BD": {
      "score_p1": 21,
      "score_p2": 4,
      "pred_diff": 17.001948768134163,
      "pred_total": 25.980601161301934
    },
    "SQ": {
      "score_p1": 21,
      "score_p2": 8,
      "pred_diff": 13.218012286589406,
      "pred_total": 28.63317443191415
    },
    "TN": {
      "score_p1": 21,
      "score_p2": 7,
      "pred_diff": 9.24339223976071,
      "pred_total": 15.035703990435529
    }
  },
  "total_p1": 72,
  "total_p2": 40,
  "total_diff": 32,
  "winner": "zain magdon-ismail"
}