{
  "player1": "zain magdon-ismail",
  "player2": "patrick moran",
  "sports": {
    "TT": {
      "score_p1": 9,
      "score_p2": 21,
      "pred_diff": -12.125474656608631,
      "pred_total": 30.4693202674646
    },
    "BD": {
      "score_p1": 21,
      "score_p2": 5,
      "pred_diff": 16.691454540909955,
      "pred_total": 26.125833234599803
    },
    "SQ": {
      "score_p1": 21,
      "score_p2": 8,
      "pred_diff": 13.048856526819936,
      "pred_total": 29.404880108958416
    },
    "TN": {
      "score_p1": 21,
      "score_p2": 8,
      "pred_diff": 9.450300554752967,
      "pred_total": 16.78063250890388
    }
  },
  "total_p1": 72,
  "total_p2": 42,
  "total_diff": 30,
  "winner": "zain magdon-ismail"
}