{
  "data_path": "data/data.csv",
  "train_ratio": 0.8,
  "predict_tennis_independently": true,
  "n_rows": 30459,
  "n_features": 65,
  "sport_metrics": {
    "TT": {
      "diff_mae": 2.557555773961553,
      "total_mae": 2.584944960431065,
      "train_n": 24367,
      "test_n": 6092
    },
    "BD": {
      "diff_mae": 2.5733214733466347,
      "total_mae": 2.5715828904526203,
      "train_n": 24367,
      "test_n": 6092
    },
    "SQ": {
      "diff_mae": 2.764548971526939,
      "total_mae": 2.900316532947859,
      "train_n": 24367,
      "test_n": 6092
    },
    "TN": {
      "diff_mae": 2.8265661399423054,
      "total_mae": 8.034016778933205,
      "train_n": 16893,
      "test_n": 3877
    }
  },
  "match_metrics": {
    "total_diff_mae": 5.782994090610637,
    "winner_accuracy": 0.9239986868023637
  }
}