{
  "data_path": "data/data.csv",
  "train_ratio": 0.8,
  "predict_tennis_independently": true,
  "n_rows": 30459,
  "n_features": 65,
  "sport_metrics": {
    "TT": {
      "diff_mae": 2.5579511642198796,
      "total_mae": 2.5853575837411498,
      "train_n": 24367,
      "test_n": 6092
    },
    "BD": {
      "diff_mae": 2.5760031932407785,
      "total_mae": 2.56810519653262,
      "train_n": 24367,
      "test_n": 6092
    },
    "SQ": {
      "diff_mae": 2.766772930909477,
      "total_mae": 2.891781434148389,
      "train_n": 24367,
      "test_n": 6092
    },
    "TN": {
      "diff_mae": 2.8186520811226927,
      "total_mae": 8.024168414008628,
      "train_n": 16893,
      "test_n": 3877
    }
  },
  "match_metrics": {
    "total_diff_mae": 5.782501641497046,
    "winner_accuracy": 0.9238345370978333
  }
}