{
  "data_path": "data/data.csv",
  "train_ratio": 0.8,
  "predict_tennis_independently": true,
  "n_rows": 30459,
  "n_features": 65,
  "sport_metrics": {
    "TT": {
      "diff_mae": 2.5643601481064358,
      "total_mae": 2.580387540685043,
      "train_n": 24367,
      "test_n": 6092
    },
    "BD": {
      "diff_mae": 2.566395142521525,
      "total_mae": 2.5750891853199507,
      "train_n": 24367,
      "test_n": 6092
    },
    "SQ": {
      "diff_mae": 2.7604683484563948,
      "total_mae": 2.893004429139334,
      "train_n": 24367,
      "test_n": 6092
    },
    "TN": {
      "diff_mae": 2.811344082891986,
      "total_mae": 8.000203865187766,
      "train_n": 16893,
      "test_n": 3877
    }
  },
  "match_metrics": {
    "total_diff_mae": 5.789724228496389,
    "winner_accuracy": 0.9258043335521996
  }
}