{
  "data_path": "data/data.csv",
  "feature_cols": [
    "TT_rating_diff",
    "BD_rating_diff",
    "SQ_rating_diff",
    "TN_rating_diff"
  ],
  "target_col": "y_total_diff",
  "train_ratio": 0.8,
  "k": 9,
  "n_rows_used": 30459,
  "train_n": 24367,
  "test_n": 6092,
  "prediction_metrics": {
    "total_diff_mae": 15.405254677314772,
    "winner_accuracy": 0.6849967170059094
  },
  "runtime_ms": {
    "tree_build_ms": 4.213750013150275,
    "total_query_ms": 220.1198340044357,
    "avg_query_ms": 0.03613260571313783
  },
  "confidence_metrics": {
    "density_only": {
      "spearman_conf_vs_abs_error": 0.20544289508566974,
      "low_q_mae": 12.314834084249684,
      "high_q_mae": 18.75837676070579,
      "high_minus_low": 6.443542676456106
    },
    "consistency_only": {
      "spearman_conf_vs_abs_error": -0.13633568908178662,
      "low_q_mae": 16.836538282935212,
      "high_q_mae": 13.069183078209138,
      "high_minus_low": -3.7673552047260745
    },
    "combined": {
      "spearman_conf_vs_abs_error": 0.17610526472436694,
      "low_q_mae": 12.962948520053136,
      "high_q_mae": 18.44968784029108,
      "high_minus_low": 5.486739320237945
    },
    "raw_local_signals": {
      "spearman_mean_neighbor_distance_vs_abs_error": -0.20544289508566974,
      "spearman_neighbor_target_std_vs_abs_error": 0.13633559959620503
    }
  }
}