{
  "data_path": "data/data.csv",
  "inference_state_path": "data/inference_state.pkl",
  "train_ratio": 0.8,
  "ridge_alpha": 3.0,
  "n_rows": 30459,
  "sport_metrics": {
    "TT": {
      "diff_mae": 6.037803821454594,
      "total_mae": 4.686674064169932,
      "n_features": 31,
      "train_n": 24367,
      "test_n": 6092
    },
    "BD": {
      "diff_mae": 6.507924869949763,
      "total_mae": 4.641127286660825,
      "n_features": 31,
      "train_n": 24367,
      "test_n": 6092
    },
    "SQ": {
      "diff_mae": 7.062797903085776,
      "total_mae": 4.836674031907132,
      "n_features": 31,
      "train_n": 24367,
      "test_n": 6092
    },
    "TN": {
      "diff_mae": 5.422204338388482,
      "total_mae": 8.876878815231343,
      "n_features": 31,
      "train_n": 16893,
      "test_n": 3877
    }
  },
  "match_metrics": {
    "total_diff_mae": 14.054169402495075,
    "winner_accuracy": 0.7326001313197636
  }
}