{
  "mode": "train_eval",
  "data_path": "data/data.csv",
  "inference_state_path": "data/inference_state.pkl",
  "train_ratio": 0.8,
  "n_rows": 60918,
  "sport_metrics": {
    "TT": {
      "diff_mae": 5.923904010399658,
      "total_mae": 4.0008960511124165,
      "diff_std_ratio_pred_over_actual": 0.7424963760453143,
      "n_eval_rows": 12184
    },
    "BD": {
      "diff_mae": 6.330459150088766,
      "total_mae": 3.966442078148723,
      "diff_std_ratio_pred_over_actual": 0.7079179908468326,
      "n_eval_rows": 12184
    },
    "SQ": {
      "diff_mae": 6.960418390886937,
      "total_mae": 4.316801923172077,
      "diff_std_ratio_pred_over_actual": 0.6557981111829659,
      "n_eval_rows": 12184
    },
    "TN": {
      "diff_mae": 5.5238706083681866,
      "total_mae": 8.90008075320058,
      "diff_std_ratio_pred_over_actual": 0.5884265796650776,
      "n_eval_rows": 7754
    }
  },
  "match_metrics": {
    "total_diff_mae": 13.82903808273145,
    "winner_accuracy": 0.7355548260013132
  }
}