{
  "data_path": "data/data.csv",
  "inference_state_path": "data/inference_state.pkl",
  "catboost_package_dir": "models/catboost/artifacts/predictor_package",
  "feature_cols": [
    "TT_rating_diff",
    "BD_rating_diff",
    "SQ_rating_diff",
    "TN_rating_diff",
    "TT_diff_mean_10_diff_p1_p2",
    "BD_diff_mean_10_diff_p1_p2",
    "SQ_diff_mean_10_diff_p1_p2",
    "TN_diff_mean_10_diff_p1_p2",
    "TT_resid_mean_10_diff_p1_p2",
    "BD_resid_mean_10_diff_p1_p2",
    "SQ_resid_mean_10_diff_p1_p2",
    "TN_resid_mean_10_diff_p1_p2"
  ],
  "target_col": "y_total_diff",
  "train_ratio": 0.8,
  "k": 9,
  "n_rows_used": 30445,
  "train_n": 24356,
  "test_n": 6089,
  "prediction_metrics": {
    "catboost_total_diff_mae": 8.274593529315158,
    "catboost_winner_accuracy": 0.8921005091147972
  },
  "runtime_ms": {
    "tree_build_ms": 6.193000008352101,
    "total_query_ms": 30095.201124961022,
    "avg_query_ms": 4.9425523279620664
  },
  "confidence_metrics": {
    "consistency_only": {
      "spearman_conf_vs_abs_error": -0.0028770930953460755,
      "low_q_mae": 8.16819973718791,
      "high_q_mae": 8.07161629434954,
      "high_minus_low": -0.0965834428383694
    },
    "density_only": {
      "spearman_conf_vs_abs_error": -0.011872215625570741,
      "low_q_mae": 8.174113009198424,
      "high_q_mae": 8.04467805519054,
      "high_minus_low": -0.12943495400788407
    },
    "combined": {
      "spearman_conf_vs_abs_error": -0.02418483372234205,
      "low_q_mae": 8.486202365308804,
      "high_q_mae": 7.917871222076215,
      "high_minus_low": -0.568331143232589
    },
    "raw_local_signals": {
      "spearman_neighbor_target_std_vs_abs_error": 0.0028780484670401993,
      "spearman_mean_neighbor_distance_vs_abs_error": 0.011872215625570741
    }
  }
}