{
  "player1": "zain magdon-ismail",
  "player2": "patrick moran",
  "sports": {
    "TT": {
      "score_p1": 12,
      "score_p2": 21,
      "pred_diff": -9.518322944641113,
      "pred_total": 35.22509002685547
    },
    "BD": {
      "score_p1": 21,
      "score_p2": 5,
      "pred_diff": 16.23188018798828,
      "pred_total": 28.282737731933594
    },
    "SQ": {
      "score_p1": 21,
      "score_p2": 8,
      "pred_diff": 12.178157806396484,
      "pred_total": 28.374858856201172
    },
    "TN": {
      "score_p1": 21,
      "score_p2": 12,
      "pred_diff": 6.296667575836182,
      "pred_total": 25.385581970214844
    }
  },
  "total_p1": 75,
  "total_p2": 46,
  "total_diff": 29,
  "winner": "zain magdon-ismail"
}