{
  "sport_metrics": {
    "TT": {
      "diff_mae": 2.6907179951369677,
      "total_mae": 3.068520823044755,
      "train_n": 21321,
      "val_n": 3046,
      "test_n": 6092
    },
    "BD": {
      "diff_mae": 2.710802283243101,
      "total_mae": 3.0490148983264707,
      "train_n": 21321,
      "val_n": 3046,
      "test_n": 6092
    },
    "SQ": {
      "diff_mae": 2.8603436827657465,
      "total_mae": 3.357391732817642,
      "train_n": 21321,
      "val_n": 3046,
      "test_n": 6092
    },
    "TN": {
      "diff_mae": 2.977257797166041,
      "total_mae": 9.44136839771443,
      "train_n": 14991,
      "val_n": 1902,
      "test_n": 3877
    }
  },
  "match_metrics": {
    "total_diff_mae": 5.786112934996717,
    "winner_accuracy": 0.9190741956664478
  }
}